написание,канон,уверенность,вид,примечание
ЗАЧЁТ,зачёт,h,,
ЗАЧЕТ,зачёт,h,,
Зачёт,зачёт,h,,
Лек.,лекция,h,,
ек.,лекция,h,обрезано,оборвано начало ячейки
лаб.,лабораторная,h,,
лаб. з.,лабораторная,h,,
лаб.з,лабораторная,h,,
лаб.з.,лабораторная,h,,
лабз.,лабораторная,h,,
лб. з.,лабораторная,h,сокращение,«лб» — сокращение «лаб»
лб.з,лабораторная,h,сокращение,«лб» — сокращение «лаб»
лб.з.,лабораторная,h,сокращение,«лб» — сокращение «лаб»
лек,лекция,h,,
лек .,лекция,h,,
лек.,лекция,h,,
лекция,лекция,h,,
лекю,лекция,h,опечатка,«ю» вместо точки
пр .з.,практика,h,,
пр.,практика,h,,
пр. з.,практика,h,,
пр.з,практика,h,,
пр.з .,практика,h,,
пр.з.,практика,h,,
пр.з. з.,практика,h,опечатка,сдвоенный маркер
прз.,практика,h,,
р.з.,практика,h,обрезано,оборвано начало ячейки
