написание,дисциплина,канон,уверенность,вид,примечание
Абдразаков,,Абдразаков Ф.К.,h,,
Абдразаков Ф.К.,,Абдразаков Ф.К.,h,,
Абзалов М.А.,,Абзалов М.А.,h,,
Абрамова В.В.,,Абрамова В.В.,l,,"Абрамова В.С. — другие дисциплины (электротехника, ВИЭ), но тоже группы ТТ; оставлены раздельно"
Абрамова В.С.,,Абрамова В.С.,l,,см. 4
Агарышева А.Н.,,Агарышева А.Н.,h,,
Агольцов В.А.,,Агольцов В.А.,h,,
Агольцов В.В.,,Агольцов В.А.,h,,"та же эпизоотология, ветинститут; второй инициал опечатан"
Азизов И.Р.,,Азизов И.Р.,h,,
Акинина В.Н.,,Акинина В.Н.,h,,
Александрова Л.А.,,Александрова Л.А.,h,,
Аленин П.Г.,,Аленин П.Г.,h,,
Аленичева Н.В.,,Аленичева Н.В.,h,,
Амангалиева,,Амангалиева,h,,
Андреева Л.В.,,Андреева Л.В.,h,,
Андреева С.В.,,Андреева С.В.,h,,
Андриянова,,Андриянова Ю.М.,h,,
Андриянова Ю.М.,,Андриянова Ю.М.,h,,
Андрушко Т.А.,,Андрушко Т.А.,h,,
Андрющенко В.Ю.,,Андрющенко В.Ю.,h,,
Анисимов А.А.,,Анисимов А.В.,h,,«Инженерное обеспечение биотехнологических процессов» у Б-Б-401 ведёт Анисимов А.В.
Анисимов А.В.,,Анисимов А.В.,h,,
Анисимов С.А.,,Анисимов С.А.,h,,
Анникова Л.А.,,Анникова Л.В.,h,,"та же клин. диагностика, ВТ-3xx"
Анникова Л.В.,,Анникова Л.В.,h,,
Антипова,,Антипова Е.Ю.,h,,"философия у Б-А-ЗР-201, Б-АиА-201 — у Антиповой Е.Ю."
Антипова Е.А.,,Антипова Е.Ю.,h,,ОРГ у Б-АиА-101 и «организация работы малых групп» — дисциплины Е.Ю.; Е.А. — опечатка
Антипова Е.Ю.,,Антипова Е.Ю.,h,,
Антонова,,Антонова Е.А.,h,,
Антонова Е.А.,,Антонова Е.А.,h,,
Аржанухина Е.В.,,Аржанухина Е.В.,h,,
Архангельская И.В.,,Архангельская И.В.,h,,
Асеева Е.Ю.,,Асеева Е.Ю.,h,,
Аукина,,Аукина И.Г.,h,,
Аукина И.Г.,,Аукина И.Г.,h,,
Афанасьева Е.В.,,Афанасьева Е.Г.,l,,"единичное «Е.В.», иностранный язык в Ин-те биотехнологии, где ведёт Е.Г."
Афанасьева Е.Г.,,Афанасьева Е.Г.,h,,
Ахметов,,Ахметов А.А.,h,,
Ахметов А.А.,,Ахметов А.А.,h,,
Бабаян И.В.,,Бабаян И.В.,h,,
Бакиров С.М.,,Бакиров С.М.,h,,
Балашова,,Балашова,h,,
Банникова А.С.,,Банникова А.С.,h,,
Барбашин,,Барбашин В.В.,h,,
Барбашин В.В.,,Барбашин В.В.,h,,
Бахтеев С.В.,,Бахтеев С.В.,h,,
Бахтиев Р.Н.,,Бахтиев Р.Н.,h,,
Бедило П.С.,,Бедило П.С.,h,,
Белова М.В.,,Белова М.В.,h,,
Белышкина М.Е.,,Белышкина М.Е.,h,,
Беляева,,Беляева А.А.,h,,
Беляева А.А.,,Беляева А.А.,h,,
Белякова А.С.,,Белякова А.С.,h,,
Берднова Е.В.,,Берднова Е.В.,h,,
Березкин А.В.,,Березкин А.С.,h,,метрология у Б-АИ-ТО-302 — Березкин А.С.
Березкин А.С.,,Березкин А.С.,h,,
Березкина А.С.,,Березкин А.С.,l,,"«Березкина» — родовое окончание; тракторы и автомобили, как у Березкина А.С."
Берлин Н.Г.,,Берлин Н.Г.,h,,
Берёзкин А.С.,,Березкин А.С.,h,,
Берёзкин С.А.,,Березкин А.С.,l,,«С.А.» — переставленные инициалы; «Ремонт и утилизация» у НТС ведёт Березкин А.С.
Бирюков О.И.,,Бирюков О.И.,h,,
Благова Ю.В.,,Благова Ю.В.,h,,
Благодарова П.А.,,Благодарова П.С.,h,,физика 1 курса Ин-та биотехнологии
Благодарова П.С.,,Благодарова П.С.,h,,
Боброва Ю.И.,,Боброва Ю.И.,h,,
Бобылева,,Бобылева Г.А.,h,,
Бобылева Г.А.,,Бобылева Г.А.,h,,
Богомолов,,Богомолов Д.К.,h,,
Богомолов Д.К.,,Богомолов Д.К.,h,,
Богуш И.С.,,Богуш И.С.,h,,
Бойков В.М.,,Бойков В.М.,h,,
Бондаренкова,,Бондаренкова А.Д.,h,,
Бондаренкова А.Д.,,Бондаренкова А.Д.,h,,
Бормосова,,Бормосова Н.Е.,h,,
Бормосова Н.Е.,,Бормосова Н.Е.,h,,
Бугров А.А.,,Бугров А.А.,h,,
Бугров Т.Г.,,Бугров Т.Г.,l,,"ОФП, один раз; инициалы полностью другие — оставлен отдельно"
Бузина,,Бузина,h,,
Буйлов В.Н.,,Буйлов В.Н.,h,,
Булгаков С.В.,,Булгаков С.В.,h,,
Бульина Ю.В.,,Бульина Ю.В.,h,,
Буняев,,Буняев М.Б.,h,,
Буняев М.Б.,,Буняев М.Б.,h,,
Бурыгин,,Бурыгин,h,,
Буттаев О.М.,,Буттаев О.М.,h,,
Буховец В.А.,,Буховец В.А.,h,,
Варзина,,Варзина,h,,
Васильев А.А.,,Васильев А.А.,h,,
Васильева,,Васильева О.А.,h,,
Васильева О.А.,,Васильева О.А.,h,,
Васильчиков В.В.,,Васильчиков В.В.,h,,
Величко Н.С.,,Величко Н.С.,h,,
Венскайтис В.В.,,Венскайтис В.В.,h,,
Вергун В.В.,,Вергун В.В.,h,,
Вергунова А.А.,,Вергунова А.А.,h,,
Власова,,Власова О.В.,h,,
Власова О.В.,,Власова О.В.,h,,
Волгин А.А.,,Волгин А.В.,l,,"автоматизация — профиль Волгина А.В.; «А.А.» вероятно опечатка, но эту же дисциплину ведёт Вергун В.В."
Волгин А.В.,,Волгин А.В.,h,,
Волох О.А.,,Волох О.А.,h,,
Волощук,,Волощук Л.А.,h,,
Волощук Л.А.,,Волощук Л.А.,h,,
Воронова,,Воронова Е.О.,h,,
Воронова Е.О.,,Воронова Е.О.,h,,
Выходцева И.С.,,Выходцева И.С.,h,,
Гагина,,Гагина И.С.,h,,
Гагина И.С.,,Гагина И.С.,h,,
Газизов,,Газизов,h,,
Галкин Р.В.,,Галкин Р.В.,h,,
Геращенко,,Геращенко И.А.,h,,
Геращенко И.А.,,Геращенко И.А.,h,,
Гижов В.А.,,Гижов В.А.,h,,
Гиляжева,,Гиляжева Д.Н.,h,,
Гиляжева Д.Н.,,Гиляжева Д.Н.,h,,
Глебов И.П.,,Глебов И.П.,h,,
Голубева,,Голубева А.А.,h,,
Голубева А.А.,,Голубева А.А.,h,,
Гончаров Р.Д.,,Гончаров Р.Д.,h,,
Горбачева А.В.,,Горбачева А.В.,h,,
Горбоконенко Р.А.,,Горбоконенко Р.А.,h,,
Горбушин П.А.,,Горбушин П.А.,h,,
Горшенина Е.Ю.,,Горшенина Е.Ю.,h,,
Горюнов Д.Г.,,Горюнов Д.Г.,h,,
Грепечук Ю.Н.,,Грепечук Ю.Н.,h,,
Гришкова В.А.,,Гришкова В.А.,h,,
Губенко Е.А.,,Губенко Е.А.,h,,
Губов,,Губов В.И.,h,,
Губов В.И.,,Губов В.И.,h,,
Гулина,,Гулина Е.В.,h,,
Гулина Е.В.,,Гулина Е.В.,h,,
Гуркин С.О.,,Гуркин С.О.,h,,
Гуркина О.А.,,Гуркина О.А.,h,,
Гуркина О.Н.,,Гуркина О.А.,h,,"те же группы Б-ВБ-401/301 и дисциплины, что у Гуркиной О.А."
Гусев А.А.,,Гусев А.А.,h,,
Гусева Е.А.,,Гусева Е.А.,h,,
Данилин А.В.,,Данилин А.В.,h,,
Демакина,,Демакина И.И.,h,,
Демакина И.И.,,Демакина И.И.,h,,
Демин Е.Е.,,Демин Е.Е.,h,,
Денисов А.С.,,Денисов А.С.,h,,
Денисова,,Денисова А.Ю.,h,,селекция в Ин-те генетики и агрономии; Денисова Н.И. — ветеринар
Денисова А.Ю.,,Денисова А.Ю.,h,,
Денисова Н.И.,,Денисова Н.И.,h,,
Дергай Р.В.,,Дергай Р.В.,h,,
Деревягин С.С.,,Деревягин С.С.,h,,
Дзюбан И.Л.,,Дзюбан И.Л.,h,,
Дидусенко Е.Н.,,Дидусенко Е.Н.,h,,
Димтриев,,Дмитриев Н.О.,l,,"опечатка «Димтриев»; «Зирук,Димтриев» — лаб. по цитологии в ветинституте, Дмитриев Н.О. ведёт там анатомию"
Дмитриев Н.О.,,Дмитриев Н.О.,h,,
Дмитриенко С.Д.,,Дмитриенко С.Ю.,h,,та же дисциплина «Системный подход…» у М-УК
Дмитриенко С.Ю.,,Дмитриенко С.Ю.,h,,
Дормидонтова,,Дормидонтова Н.В.,h,,
Дормидонтова Н.В.,,Дормидонтова Н.В.,h,,
Древко Б.И.,,Древко Б.И.,h,,
Древко Я.Б.,,Древко Я.Б.,h,,
Дубровин,,Дубровин В.В.,h,,
Дубровин В.В.,,Дубровин В.В.,h,,
Дудникова,,Дудникова Е.Б.,h,,
Дудникова Е.Б.,,Дудникова Е.Б.,h,,
Думчева,,Думчева,h,,
Дунаева Ю.С.,,Дунаева Ю.С.,h,,
Дьяконова Н.В.,,Дьяконова Н.В.,h,,
Евдокимов,,Евдокимов,h,,
Евстафьев,,Евстафьев Д.П.,h,,
Евстафьев Д.П.,,Евстафьев Д.П.,h,,
Егорова К.А.,,Егорова К.А.,h,,
Егорова К.Е.,,Егорова К.А.,l,,"единичное «К.Е.», тот же институт и направление ТП"
Егунова А.В.,,Егунова А.В.,h,,
Елисеев С.С.,,Елисеев С.С.,h,,
Елышев А.И.,,Елышев А.И.,h,,
Ершов,,Ершов А.А.,h,,"те же дисциплины и группы (Б-БИ-201, М-БИ-201)"
Ершов А.А.,,Ершов А.А.,h,,
Ершов А.С.,,Ершов А.С.,h,,
Есков Д.В.,,Есков Д.В.,h,,
Еськов,,Еськов И.Д.,h,,
Еськов И.Д.,,Еськов И.Д.,h,,
Жданов,,Жданов Д.А.,h,,ИТ-дисциплины Ин-та агробизнеса — у Жданова Д.А.
Жданов А.Н.,,Жданов А.Н.,l,,"один раз, VR/AR в М-ПИ; оставлен отдельно"
Жданов Д.А.,,Жданов Д.А.,h,,
Жиздюк,,Жиздюк А.А.,h,,
Жиздюк А.А.,,Жиздюк А.А.,h,,
Жулев,,Жулев Д.А.,h,,
Жулев Д.А.,,Жулев Д.А.,h,,
Журавлев,,Журавлев А.Н.,h,,
Журавлев А.Н.,,Журавлев А.Н.,h,,
Забелина М.В.,,Забелина М.В.,h,,
Завьялова,,Завьялова М.С.,h,,
Завьялова М.С.,,Завьялова М.С.,h,,
Загвоздкин,,Загвоздкин С.В.,h,,
Загвоздкин С.В.,,Загвоздкин С.В.,h,,
Заигралова Г.Н.,,Заигралова Г.Н.,h,,
Зайкин А.С.,,Зайкин А.С.,h,,
Зайцев С.С.,,Зайцев С.С.,h,,
Захаров,,Захаров А.В.,h,,
Захаров А.В.,,Захаров А.В.,h,,
Земскова А.А.,,Земскова А.А.,h,,
Зирук,,Зирук И.В.,h,,
Зирук И.В.,,Зирук И.В.,h,,
Зотеева,,Зотеева Т.С.,h,,
Зотеева Т.С.,,Зотеева Т.С.,h,,
Зубрицкая И.Ю.,,Зубрицкая И.Ю.,h,,
Зуева,,Зуева,h,,
Зюзина С.С.,,Зюзина С.С.,h,,
Зюкова,,Зюкова,h,,
Иванкина Ю.В.,,Иванкина Ю.В.,h,,
Иванова А.С.,,Иванова А.С.,h,,
Иванова Л.М.,,Иванова Л.М.,h,,
Иващенко С.В.,,Иващенко С.В.,h,,
Ивченко О.А.,,Ивченко О.А.,h,,
Измайлова,,Измайлова Ю.М.,h,,те же дисциплины и группы
Измайлова М.Ю.,,Измайлова Ю.М.,h,,"«М.Ю.» — переставленные инициалы; «организация работы» М-ТТ-101, М-ЛД-101 ведёт Ю.М."
Измайлова Ю.М.,,Измайлова Ю.М.,h,,
Исаев А.А.,,Исаев А.Д.,h,,"единичное «А.А.» в М-АИ-ТО-201, где ведёт Исаев А.Д."
Исаев А.Д.,,Исаев А.Д.,h,,
Исайчева Л.А.,,Исайчева Л.А.,h,,
Исаков А.Д.,,Исаков А.Д.,h,,
Ищенко А.П.,,Ищенко А.П.,h,,
Кабанов О.В.,,Кабанов О.В.,h,,
Кадухин А.И.,,Кадухин А.И.,h,,
Калашникова,Анализ и прогнозирование конъюнктуры в АПК,Калашникова С.П.,h,,"одна фамилия — разные люди; те же группы, что у полного ФИО"
Калашникова,Маркетинг,Калашникова А.Р.,h,,"одна фамилия — разные люди; те же группы, что у полного ФИО"
Калашникова,Управление документооборотом на предприятиях АПК,Калашникова С.П.,h,,"одна фамилия — разные люди; те же группы, что у полного ФИО"
Калашникова А.Р.,,Калашникова А.Р.,h,,
Калашникова С.П.,,Калашникова С.П.,h,,
Калиниченко,,Калиниченко Э.Б.,h,,
Калиниченко Э.Б.,,Калиниченко Э.Б.,h,,
Калюжный И.И.,,Калюжный И.И.,h,,
Каневская И.В.,,Каневская И.В.,h,,
Капичников А.И.,,Капичников А.И.,h,,
Карабаева М.Э.,,Карабаева М.Э.,h,,
Карандина И.А.,,Карандина И.А.,h,,
Каргополова,,Каргополова К.Ю.,h,,
Каргополова К.Ю.,,Каргополова К.Ю.,h,,
Кармазин,,Кармазин,h,,
Карпова О.В.,,Карпова О.В.,h,,
Карпунина Л.В.,,Карпунина Л.В.,h,,
Катуов Д.Н.,,Катусов Д.Н.,h,,
Катусов Д.Н.,,Катусов Д.Н.,h,,
Кижаева В.Е.,,Кижаева В.Е.,h,,
Кизиева А.С.,,Кизиёва А.С.,h,,
Кизиёва А.С.,,Кизиёва А.С.,h,,
Кириченко А.В.,,Кириченко А.В.,h,,
Кичемазова,,Кичемазова Н.В.,h,,
Кичемазова Н.В.,,Кичемазова Н.В.,h,,
Клюкин С.Д.,,Клюкин С.Д.,h,,
Ключиков А.В.,,Ключиков А.В.,h,,
Кожевников А.А.,,Кожевников А.А.,h,,
Козаченко М.А.,,Козаченко М.А.,h,,
Козлов Е.С.,,Козлов Е.С.,l,,"асс. на «Лаб. диагностике», лаб. терапии; С.Е. — переставленные инициалы того же ассистента"
Козлов С.В.,,Козлов С.В.,h,,
Козлов С.Е.,,Козлов Е.С.,l,,см. 247
Колганов,,Колганов Д.А.,h,,
Колганов Д.А.,,Колганов Д.А.,h,,
Колотова Н.А.,,Колотова Н.А.,h,,
Колотова Н.В.,,Колотова Н.А.,l,,"единичное «Н.В.», Ин-т биотехнологии"
Колотырин,,Колотырин К.П.,h,,
Колотырин К.П.,,Колотырин К.П.,h,,
Коляда Н.А.,,Коляда Н.А.,h,,
Комаров Ю.В.,,Комаров Ю.В.,h,,
Кондак,,Кондак В.В.,h,,
Кондак В.В.,,Кондак В.В.,h,,
Кондрашова А.В.,,Кондрашова А.В.,h,,
Копчекчи М.Е.,,Копчекчи М.Е.,h,,
Корниенко,,Корниенко М.Ю.,h,,
Корниенко М.Ю.,,Корниенко М.Ю.,h,,
Коротова Д.М.,,Коротова Д.М.,h,,
Корсак В.В.,,Корсак В.В.,h,,
Косарев,,Косарев А.В.,h,,
Косарев А.В.,,Косарев А.В.,h,,
Котар,,Котар О.К.,h,,
Котар О.К.,,Котар О.К.,h,,
Котельников В.А.,,Котельников В.А.,h,,
Котельникова,,Котельникова С.А.,h,,
Котельникова С.А.,,Котельникова С.А.,h,,
Коцарь Ю.А.,,Коцарь Ю.А.,h,,
Кочегарова,,Кочегарова О.С.,h,,
Кочегарова О.С.,,Кочегарова О.С.,h,,
Кошелев,,Кошелев,h,,
Кравчук А.В.,,Кравчук А.В.,h,,
Крайнов,,Крайнов А.Л.,h,,
Крайнов А.Л.,,Крайнов А.Л.,h,,
Крелин Д.Н.,,Крелин Д.Н.,h,,
Критская,,Критская Е.Е.,h,,
Критская Е.Е.,,Критская Е.Е.,h,,
Кручинина А.С.,,Кручинина В.С.,l,,единичное «А.С.»; этология/зоопсихология — дисциплины Кручининой В.С.
Кручинина В.С.,,Кручинина В.С.,h,,
Кувшинова,,Кувшинова,h,,
Кузнецов А.А.,,Кузнецов А.А.,h,,
Кузнецов М.А.,,Кузнецов М.А.,h,,
Кузнецов М.Ю.,,Кузнецов М.Ю.,h,,
Кузьмин,,Кузьмин А.М.,h,,ОФП в Ин-те генетики и агрономии ведёт Кузьмин А.М.
Кузьмин А.М.,,Кузьмин А.М.,h,,
Кузьмин А.Н.,,Кузьмин А.Н.,l,,"в одной ячейке «лек. … доц. Кузьмин А.М. … пр.з. … Кузьмин А.Н.» — возможно, другой человек; оставлен отдельно"
Кулагина О.В.,,Кулагина О.В.,h,,
Куличкова Е.М.,,Куличкова Е.М.,h,,
Купричев Е.Д.,,Купричев Е.Д.,h,,
Курако У.М.,,Курако У.М.,h,,
Курин В.И.,,Курин В.И.,h,,
Курылева,,Курылева,h,,
Кусарцева Е.В.,,Кусмарцева Е.В.,h,,
Кусмарцева,,Кусмарцева Е.В.,h,,
Кусмарцева Е.В.,,Кусмарцева Е.В.,h,,
Лаврухин,Биохимия,Лаврухин,l,,"лаб. со Смутневым П.В. — вероятно другой Лаврухин, инициалов нет"
Лаврухин,Общая физическая подготовка,Лаврухин А.С.,h,,каф. ФиС
Лаврухин А.С.,,Лаврухин А.С.,h,,
Ларионов С.В.,,Ларионов С.В.,h,,
Ларионова,,Ларионова Н.Г.,h,,
Ларионова Н.Г.,,Ларионова Н.Г.,h,,
Ларцева К.А.,,Ларцева К.А.,h,,
Ларюков,,Ларюков,h,,
Левин М.А.,,Левин М.А.,h,,
Левина Т.Ю.,,Левина Т.Ю.,h,,
Левченко А.В.,,Левченко А.В.,h,,
Левченко Г.А.,,Левченко Г.В.,h,,«Организация транспортных процессов» М-АИ-ТС ведёт Левченко Г.В.
Левченко Г.В.,,Левченко Г.В.,h,,
Ледяев,,Ледяев Т.Б.,h,,
Ледяев Т.Б.,,Ледяев Т.Б.,h,,
Леонтьев А.А.,,Леонтьев А.А.,h,,
Лепесткин Д.А.,,Лепесткин Д.А.,h,,
Летучий,,Летучий А.В.,h,,
Летучий А.В.,,Летучий А.В.,h,,
Лихацкая,,Лихацкая С.Г.,h,,
Лихацкая С.Г.,,Лихацкая С.Г.,h,,
Логачева,,Логачева Е.А.,h,,"химия у тех же групп; Логачёва О.В. — электротехника, другой человек"
Логачева Е.А.,,Логачева Е.А.,h,,
Логачева О.В.,,Логачёва О.В.,h,,
Логачёва О.В.,,Логачёва О.В.,h,,
Лукъяненко А.В.,,Лукьяненко А.В.,h,,канон выбран с орфографической ошибкой «Лукъяненко»
Лукьяненко А.В.,,Лукьяненко А.В.,h,,правильное написание
Лушина Р.П.,,Лушина Р.П.,h,,
Лушников В.П.,,Лушников В.П.,h,,
Лысова,,Лысова Т.А.,h,,
Лысова Т.А.,,Лысова Т.А.,h,,
Любезнова,,Любезнова Н.В.,h,,
Любезнова Н.В.,,Любезнова Н.В.,h,,
Лявина,,Лявина М.Ю.,h,,
Лявина М.Ю.,,Лявина М.Ю.,h,,
Лягина Л.А.,,Лягина Л.А.,h,,
Лялина,,Лялина Е.В.,h,,
Лялина Е.В.,,Лялина Е.В.,h,,
Ляшенко Н.Ю.,,Ляшенко Н.Ю.,h,,
Макаров С.А.,,Макаров С.А.,h,,
Макарова А.Н.,,Макарова А.Н.,h,,
Максимова,,Максимова,l,,кормопроизводство у Б-ЗТ-201; Максимова О.С. — аквакультура; связь не подтверждена
Максимова О.С.,,Максимова О.С.,h,,
Манааенкова Ю.В.,,Манаенкова Ю.В.,h,,канон выбран с опечаткой «Манааенкова»
Манаенкова Ю.В.,,Манаенкова Ю.В.,h,,правильное написание
Марадудин,,Марадудин А.М.,h,,
Марадудин А.М.,,Марадудин А.М.,h,,
Мариничева М.П.,,Мариничева М.П.,h,,
Мартынов Е.Д.,,Мартынов Е.Д.,h,,
Марынова Т.А.,,Марынова Т.А.,h,,
Марынова Т.В.,,Марынова Т.А.,h,,БЖД в Ин-те биотехнологии ведёт Марынова Т.А.
Маштаков Д.А.,,Маштаков Д.В.,l,,"Д.А./Д.В. — одни и те же дисциплины (защитное лесоразведение, лесомелиорация) у групп ЛД; какой инициал верен — не установить"
Маштаков Д.В.,,Маштаков Д.В.,h,,
Медведев Н.В.,,Медведев Н.В.,h,,
Меденко А.А.,,Меденко А.А.,h,,
Менщиков И.А.,,Менщиков И.А.,h,,
Мизюрова,,Мизюрова Э.Ю.,h,,
Мизюрова Э.Ю.,,Мизюрова Э.Ю.,h,,
Милехин А.В.,,Милехин А.В.,h,,
Милёхин А.В.,,Милехин А.В.,h,,
Миркина Е.Н.,,Миркина Е.Н.,h,,
Михеева О.В.,,Михеева О.В.,h,,
Моисеев А.П.,,Моисеев А.П.,h,,
Мокрецов И.В.,,Мокрецов И.В.,h,,
Молчанова,,Молчанова Н.П.,h,,
Молчанова Н.П.,,Молчанова Н.П.,h,,
Монахов,,Монахов С.В.,h,,
Монахов С.В.,,Монахов С.В.,h,,
Моргунова,,Моргунова Н.Л.,h,,
Моргунова Н.Л.,,Моргунова Н.Л.,h,,
Моренова,,Моренова,h,,
Морозова,,Морозова Е.Е.,h,,
Морозова Е.Е.,,Морозова Е.Е.,h,,
Моршнев,,Моршнев А.Ю.,h,,
Моршнев А.Ю.,,Моршнев А.Ю.,h,,
Москаленко С.П.,,Москаленко С.П.,h,,
Мохонько,,Мохонько Ю.М.,h,,
Мохонько Ю.М.,,Мохонько Ю.М.,h,,
Мухамеджанова Ю.В.,,Мухамеджанова Ю.В.,h,,
Мухатова Ж.Н.,,Мухатова Ж.Н.,h,,
Надежкина,,Надежкина Г.П.,h,,БЖД у Б-Эв-30x — Надежкина Г.П.
Надежкина Г.П.,,Надежкина Г.П.,h,,
Надежкина Н.П.,,Надежкина Г.П.,h,,"«Н.П.» — опечатка, БЖД в Ин-те агробизнеса"
Назаров,,Назаров А.С.,h,,
Назаров А.С.,,Назаров А.С.,h,,
Назинцева,,Назинцева,h,,
Наумова,,Наумова М.В.,l,,ОФП в Ин-те генетики и агрономии; М.А./М.В. не различить
Наумова М.А.,,Наумова М.В.,l,,см. 387
Наумова М.В.,,Наумова М.В.,h,,
Наянов,,Наянов А.В.,h,,
Наянов А.В.,,Наянов А.В.,h,,
Неврюев А.М.,,Неврюев А.М.,h,,
Неповинных,,Неповинных Н.В.,h,,
Неповинных Н.В.,,Неповинных Н.В.,h,,
Нерозя,,Нерозя Г.А.,h,,
Нерозя Г.А.,,Нерозя Г.А.,h,,
Нестеров Е.С.,,Нестеров Е.С.,h,,
Нефедова Н.С.,,Нефедова Н.С.,h,,
Нефедова Ю.В.,,Нефедова Ю.В.,h,,
Нечаева К.Ю.,,Нечаева К.Ю.,h,,
Никишанов А.Н.,,Никишанов А.Н.,h,,
Новиков,Геодезическое обеспечение кадастровых работ,Новиков В.Т.,l,,кадастр — профиль Новикова В.Т.
Новиков,Защита растений от вредителей и болезней,Новиков Ю.П.,l,,защита растений — профиль Новикова Ю.П.
Новиков,Карантин растений,Новиков Ю.П.,l,,защита растений — профиль Новикова Ю.П.
Новиков,Отечественный и зарубежный опыт в интегрированной защите растений,Новиков Ю.П.,l,,защита растений — профиль Новикова Ю.П.
Новиков,Регуляция численности вредителей в агроценозах,Новиков Ю.П.,l,,защита растений — профиль Новикова Ю.П.
Новиков,Системы защиты растений,Новиков Ю.П.,l,,защита растений — профиль Новикова Ю.П.
Новиков,Химический контроль,Новиков Ю.П.,l,,защита растений — профиль Новикова Ю.П. (магистратура ИЗР)
Новиков В.П.,,Новиков В.Т.,l,,землеустройство и кадастры; «В.П.» вероятно опечатка
Новиков В.Т.,,Новиков В.Т.,h,,
Новиков Ю.П.,,Новиков Ю.П.,h,,
Новикова,,Новикова Н.А.,h,,
Новикова Н.А.,,Новикова Н.А.,h,,
Новоселова,,Новоселова С.А.,h,,
Новоселова С.А.,,Новоселова С.А.,h,,
Носов А.О.,,Носов А.О.,h,,
Овчинникова Т.В.,,Овчинникова Т.В.,h,,
Огаренков,,Огаренков М.Д.,h,,
Огаренков М.Д.,,Огаренков М.Д.,h,,
Орлова С.С.,,Орлова С.С.,h,,
Осина Т.С.,,Осина Т.С.,h,,
Павлик,,Павлик,h,,
Павликов А.А.,,Павликов А.А.,h,,
Павлов А.В.,,Павлов А.В.,h,,
Павлов В.И.,,Павлов В.И.,h,,
Павлов П.И.,,Павлов П.И.,h,,
Падило Л.П.,,Падило Л.П.,h,,
Падиоло Л.П.,,Падило Л.П.,h,,
Пазов А.А.,,Пазов А.А.,h,,
Палади,,Палади А.А.,h,,
Палади А.А.,,Палади А.А.,h,,
Панкин К.Е.,,Панкин К.Е.,h,,
Панков И.Ю.,,Панков И.Ю.,h,,
Панкова Т.А.,,Панкова Т.А.,h,,
Панфилов,,Панфилов А.В.,h,,
Панфилов А.В.,,Панфилов А.В.,h,,
Пахомова,,Пахомова Т.В.,l,,статистика у Б-БИ-301; Пахомова Т.В. ведёт статистические методы обработки данных
Пахомова Т.В.,,Пахомова Т.В.,h,,
Пахомова Т.Г.,,Пахомова Т.В.,l,,"единичное «Т.Г.», информатика в Ин-те биотехнологии, где ведёт Т.В."
Пащенко Е.А.,,Пащенко Е.А.,h,,
Перетятько А.В.,,Перетятько А.В.,h,,
Песков Е.К.,,Песков Е.К.,h,,
Петрова,,Петрова Н.А.,h,,та же «Биоиндикация состояния ОС»
Петрова И.В.,,Петрова И.В.,h,,
Петрова Н.А.,,Петрова Н.А.,h,,
Погорелов С.В.,,Погорелов С.В.,h,,
Поддубная И.В.,,Поддубная И.В.,h,,
Поздникин А.А.,,Поздникин А.А.,h,,
Полетаев,,Полетаев И.С.,h,,
Полетаев И.С.,,Полетаев И.С.,h,,
Полещук А.А.,,Полещук А.А.,h,,
Пономарева,,Пономарева А.Л.,h,,геоэкология у Б-ЭП-Э-301 — Пономарева А.Л.
Пономарева А.Л.,,Пономарева А.Л.,h,,
Пономарева А.Н.,,Пономарева А.Л.,h,,«Ресурсосберегающие технологии в природопользовании» — дисциплина А.Л.
Попов В.Г.,,Попов В.Г.,h,,
Попов И.Н.,,Попов И.Н.,h,,
Попов М.В.,,Попов М.В.,h,,
Попова О.М.,,Попова О.М.,h,,
Поставнева Е.В.,,Поставнева Е.В.,h,,
Постников С.Е.,,Постников С.Е.,h,,
Потоцкая,,Потоцкая Л.Н.,h,,ценообразование у Б-Э-401 — Потоцкая Л.Н.
Потоцкая Л.Г.,,Потоцкая Л.Н.,l,,"единичное «Л.Г.», Ин-т агробизнеса"
Потоцкая Л.Н.,,Потоцкая Л.Н.,h,,
Правкина,,Правкина Я.Ю.,h,,
Правкина Я.Ю.,,Правкина Я.Ю.,h,,
Преймак,,Преймак С.А.,h,,
Преймак С.А.,,Преймак С.А.,h,,
Преображенская Т.С.,,Преображенская Т.С.,h,,
Проездов П.Н.,,Проездов П.Н.,h,,
Прокопец Р.В.,,Прокопец Р.В.,h,,
Пронько Н.А.,,Пронько Н.А.,h,,
Прохорова Т.М.,,Прохорова Т.М.,h,,
Пушкина Е.Г.,,Пушкина Е.Г.,h,,
Пшенцова,,Пшенцова А.И.,h,,
Пшенцова А.И.,,Пшенцова А.И.,h,,
Пяткина,,Пяткина Н.А.,h,,
Пяткина Н.А.,,Пяткина Н.А.,h,,
Раздобарова,,Раздобарова М.Н.,h,,
Раздобарова М.Н.,,Раздобарова М.Н.,h,,
Ревтова Ю.А.,,Ревтова Ю.А.,h,,
Ремизова С.Е.,,Ремизова С.Е.,h,,
Родионова,,Родионова И.А.,h,,
Родионова И.А.,,Родионова И.А.,h,,
Розанов,,Розанов А.В.,h,,
Розанов А.В.,,Розанов А.В.,h,,
Романова О.В.,,Романова О.В.,h,,
Рубанова,,Рубанова М.Е.,h,,
Рубанова М.Е.,,Рубанова М.Е.,h,,
Рубцова А.Н.,,Рубцова С.Н.,h,,информатика у Б-БТ-101 — Рубцова С.Н.
Рубцова С.Н.,,Рубцова С.Н.,h,,
Руденко,,Руденко А.С.,h,,
Руденко А.С.,,Руденко А.С.,h,,
Руднев,,Руднев М.Ю.,h,,
Руднев М.Ю.,,Руднев М.Ю.,h,,
Руднева М.Ю.,,Руднев М.Ю.,l,,"«Руднева» — родовое окончание; менеджмент в Ин-те биотехнологии, инициалы совпадают с Рудневым М.Ю. (Руднева О.Н. — рыбоводство)"
Руднева О.Н.,,Руднева О.Н.,h,,
Рукавишников А.А.,,Рукавишников А.А.,h,,
Русинов А.В.,,Русинов А.В.,h,,
Рущаков А.В.,,Рущаков А.В.,h,,
Рыбин М.Б.,,Рыбин М.Б.,h,,
Рыжкова И.В.,,Рыжкова И.В.,h,,
Рыжкова И.С.,,Рыжкова И.В.,h,,та же дисциплина у С-НТС
Рыжова Е.В.,,Рыжова Е.В.,h,,
Рысмухамбетова Г.Е.,,Рысмухамбетова Г.Е.,h,,
Рябцева Е.Г.,,Рябцева Т.Г.,l,,"физика 1 курса, «Е.Г.» вероятно опечатка; 4 раза, только ветинститут"
Рябцева Т.Г.,,Рябцева Т.Г.,h,,
Рязанцев,,Рязанцев Н.В.,h,,
Рязанцев Н.В.,,Рязанцев Н.В.,h,,
Савина С.В.,,Савина С.В.,h,,
Сагатов М.А.,,Сагатов М.А.,h,,
Садовникова Е.В.,,Садовникова Е.В.,h,,
Садыгова М.К.,,Садыгова М.К.,h,,
Садыкова М.К.,,Садыгова М.К.,h,,
Сазонова И.А.,,Сазонова И.А.,h,,
Салаутин В.В.,,Салаутин В.В.,h,,
Салаутина С.Е.,,Салаутина С.Е.,h,,
Салтыков Ю.С.,,Салтыков Ю.С.,h,,
Самсонов Е.В.,,Самсонов Е.В.,h,,
Сафин Э.Э.,,Сафин Э.Э.,h,,
Сафонов В.В.,,Сафонов В.В.,h,,
Сафонов К.В.,,Сафонов К.В.,h,,
Сахно Э.В.,,Сахно Э.В.,h,,
Северионова,,Северионова,h,,
Селиванов Ф.С.,,Селиванов Ф.С.,h,,
Семиволос А.М.,,Семиволос А.М.,h,,
Семиволос С.А.,,Семиволос А.М.,h,,акушерство у ВТ-40x
Сергеева И.В.,,Сергеева И.В.,h,,
Серебряков С.А.,,Серебряков С.А.,h,,
Сивохина Л.А.,,Сивохина Л.А.,h,,
Скворцова,,Скворцова Г.Д.,h,,
Скворцова Г.Д.,,Скворцова Г.Д.,h,,
Скосырева Е.Н.,,Скосырева Е.Н.,h,,
Скосырева Е.С.,,Скосырева Е.Н.,h,,физкультура в Ин-те биотехнологии
Скрсырева Е.Н.,,Скосырева Е.Н.,h,,
Слепцова,,Слепцова Л.А.,h,,
Слепцова Л.А.,,Слепцова Л.А.,h,,
Смутн,,Смутнев П.В.,h,,"обрезано «доц.Смутн»; биотехнология, ауд. 515 — кафедра Смутнева"
Смутнев П.В.,,Смутнев П.В.,h,,
Соколов С.А.,,Соколов С.А.,h,,
Соколов-Брехунцов М.А.,,Соколов-Брехунцов М.А.,h,,
Сокольская О.Б.,,Сокольская О.Б.,h,,
Солодовников,,Солодовников А.П.,l,,агроландшафтное земледелие
Солодовников А.В.,,Солодовников А.П.,l,,"та же дисциплина у Б-АиА-301, что у А.П.; «А.В.» вероятно опечатка"
Солодовников А.П.,,Солодовников А.П.,h,,
Солотова Н.В.,,Солотова Н.В.,h,,
Сорокин С.С.,,Сорокин С.С.,h,,
Сорокина А.М.,,Сорокина А.Н.,h,,математика 1 курса Ин-та биотехнологии
Сорокина А.Н.,,Сорокина А.Н.,h,,
Сорокопудов И.А.,,Сорокопудов И.А.,h,,
Сорокопудов Н.А.,,Сорокопудов И.А.,h,,ПАПП в Ин-те биотехнологии
Спиридонова Е.В.,,Спиридонова Е.В.,h,,
Спиряхина Т.В.,,Спиряхина Т.В.,h,,
Староверов Е.А.,,Староверов Е.А.,h,,
Старцев А.С.,,Старцев А.С.,h,,
Старцев С.В.,,Старцев С.В.,h,,
Старшов,,Старшов,h,,
Степанова Н.В.,,Степанова Н.В.,h,,
Стрильчук А.А.,,Стрильчук А.А.,h,,
Строгов В.В.,,Строгов В.В.,h,,
Ступина Л.В.,,Ступина Л.В.,h,,
Стюшина,,Стюшина Р.Н.,h,,
Стюшина Р.Н.,,Стюшина Р.Н.,h,,
Субботин А.Г.,,Субботин А.Г.,h,,
Субботина,,Субботина Е.Д.,h,,
Субботина Е.Д.,,Субботина Е.Д.,h,,
Сугробов,,Сугробов А.Ф.,h,,
Сугробов А.Ф.,,Сугробов А.Ф.,h,,
Суминова,,Суминова Н.Б.,h,,
Суминова Н.Б.,,Суминова Н.Б.,h,,
Сураев,,Сураев Д.В.,h,,
Сураев Д.В.,,Сураев Д.В.,h,,
Суркова Т.Н.,,Суркова Т.Н.,h,,
Суханова,,Суханова И.Ф.,h,,
Суханова И.Ф.,,Суханова И.Ф.,h,,
Сухов М.А.,,Сухов М.А.,h,,
Сушков,,Сушков А.А.,h,,
Сушков А.А.,,Сушков А.А.,h,,
Таньчева,,Таньчева И.В.,h,,та же дисциплина у М-Э-ПЭ-101
Таньчева И.В.,,Таньчева И.В.,h,,
Таньчева И.С.,,Таньчева И.В.,l,,"психология работы в малых группах — профиль Таньчевой И.В.; «И.С.» 6 раз, только ИГА"
Тарасенко П.В.,,Тарасенко П.В.,h,,
Тараскин А.А.,,Тараскин А.А.,h,,
Тарасов В.А.,,Тарасов В.А.,h,,
Тарбаев В.А.,,Тарбаев В.А.,h,,
Терентьев А.А.,,Терентьев А.А.,h,,
Терешкин А.В.,,Терешкин А.В.,h,,
Ткачев,,Ткачев С.И.,h,,
Ткачев С.И.,,Ткачев С.И.,h,,
Ткаченко О.В.,,Ткаченко О.В.,h,,
Ткачёв С.И.,,Ткачев С.И.,h,,
Тобольнов,,Тобольнов Д.А.,h,,
Тобольнов Д.А.,,Тобольнов Д.А.,h,,
Торопова,,Торопова В.В.,l,,экономические дисциплины Ин-та агробизнеса — Торопова В.В.
Торопова В.В.,,Торопова В.В.,h,,
Торопова В.Ю.,,Торопова В.В.,l,,«В.Ю.» — только отраслевая экономика у Б-Эв-40x; вероятно опечатка
Тороппова В.В.,,Торопова В.В.,h,,
Трофимова М.О.,,Трофимова М.О.,h,,
Трухина,,Трухина Е.Н.,h,,
Трухина Е.Н.,,Трухина Е.Н.,h,,
Трушин,,Трушин Ю.Е.,h,,
Трушин Ю.Е.,,Трушин Ю.Е.,h,,
Туренко О.Ю.,,Туренко О.Ю.,h,,
Тычинин,,Тычинин Н.Д.,h,,
Тычинин Н.Д.,,Тычинин Н.Д.,h,,
Тютин А.В.,,Тютин А.В.,h,,
Тяпаев Т.Б.,,Тяпаев Т.Б.,h,,
Удалова,,Удалова О.Г.,h,,
Удалова О.Г.,,Удалова О.Г.,h,,
Уколов,,Уколов,h,,
Уколова,,Уколова Н.В.,h,,
Уколова Н.В.,,Уколова Н.В.,h,,
Ульянов Р.В.,,Ульянов Р.В.,h,,
Фалько,,Фалько Д.О.,h,,
Фалько Д.О.,,Фалько Д.О.,h,,
Фауст Е.А.,,Фауст Е.А.,h,,
Федорова В.А.,,Федорова В.А.,h,,
Федорова-Кузнецова И.В.,,Федорова-Кузнецова И.В.,h,,
Федюнина Т.В.,,Федюнина Т.В.,h,,
Филатова А.В.,,Филатова А.В.,h,,
Филиппов П.Б.,,Филиппов П.Б.,h,,
Фисенко Б.В.,,Фисенко Б.В.,h,,
Фокин С.В.,,Фокин С.В.,h,,
Фокин С.Ф.,,Фокин С.В.,l,,"лесное дело, М-ЛД-101; «С.Ф.» вероятно опечатка"
Фоменко О.С.,,Фоменко О.С.,h,,
Фомнко О.С.,,Фоменко О.С.,h,,
Фролов В.В.,,Фролов В.В.,h,,
Фролова,,Фролова Л.В.,h,,
Фролова Л.В.,,Фролова Л.В.,h,,
Ханадеев В.А.,,Ханадеев В.А.,h,,
Хапцев З.Ю.,,Хапцев З.Ю.,h,,
Хасаншина,,Хасаншина А.Р.,h,,
Хасаншина А.Р.,,Хасаншина А.Р.,h,,
Хасанщина А.Р.,,Хасаншина А.Р.,h,,
Хизов,,Хизов А.В.,h,,
Хизов А.В.,,Хизов А.В.,h,,
Хутчев С.Н.,,Хутчев С.Н.,h,,
Цагареишвили Л.М.,,Цагареишвили Л.С.,h,,та же «Цифровые технологии и ИИ…» в Ин-те биотехнологии
Цагареишвили Л.С.,,Цагареишвили Л.С.,h,,
Цагареишвили М.Р.,,Цагареишвили М.Р.,l,,языки программирования; совпадение с Л.С. не подтверждено — оставлен отдельно
Царенко,,Царенко А.А.,h,,
Царенко А.А.,,Царенко А.А.,h,,
Цыгулева,,Цыгулева Э.И.,h,,
Цыгулева Э.И.,,Цыгулева Э.И.,h,,
Чекмарев В.В.,,Чекмарев В.В.,h,,
Чекмарева Д.А.,,Чекмарева Д.А.,h,,
Черненко,,Черненко Е.В.,h,,
Черненко Е.В.,,Черненко Е.В.,h,,
Чернышев И.Д.,,Чернышев И.Д.,h,,
Чивирова О.Н.,,Чивирова О.Н.,h,,
Чумакова С.В.,,Чумакова С.В.,h,,
Чурляева О.Н.,,Чурляева О.Н.,h,,
Шалаева Н.В.,,Шалаева Н.В.,h,,
Шардина Г.Е.,,Шардина Г.Е.,h,,
Шарикова,,Шарикова И.В.,h,,
Шарикова И.В.,,Шарикова И.В.,h,,
Шаронова,,Шаронова Е.В.,h,,
Шаронова Е.В.,,Шаронова Е.В.,h,,
Шевченко,,Шевченко Е.Н.,l,,экологические дисциплины магистратуры ЭП; Е.Н. ведёт природопользование
Шевченко Е.А.,,Шевченко Е.Н.,h,,геоботаника — дисциплина Шевченко Е.Н.
Шевченко Е.Н.,,Шевченко Е.Н.,h,,
Шевчкенко Е.Н.,,Шевченко Е.Н.,h,,
Шелковая А.А.,,Шелковая А.А.,h,,
Шибайкиан,,Шибайкин В.А.,h,,опечатка «Шибайкиан»; та же дисциплина у Б-БИ-301
Шибайкин,,Шибайкин В.А.,h,,цифровые технологии в агробизнесе и ИГА — Шибайкин В.А.
Шибайкин А.В.,,Шибайкин В.А.,h,,"«А.В.» — переставленные инициалы, та же дисциплина"
Шибайкин В.А.,,Шибайкин В.А.,h,,
Шишигин И.Н.,,Шишигин И.Н.,h,,
Шишкин И.В.,,Шишкин И.В.,h,,
Шишкина,,Шишкина Т.Г.,h,,
Шишкина Т.Г.,,Шишкина Т.Г.,h,,
Шишурин С.А.,,Шишурин С.А.,h,,
Шутова О.А.,,Шутова О.С.,h,,управление качеством в Ин-те биотехнологии
Шутова О.С.,,Шутова О.С.,h,,
Шьюрова,,Шьюрова Н.А.,h,,
Шьюрова Н.А.,,Шьюрова Н.А.,h,,
Щербакова,,Щербакова Н.А.,h,,
Щербакова Н.А.,,Щербакова Н.А.,h,,
Юрина,,Юрина,l,,биохимия в ветинституте; Юрина К.А. — биотехнология; связь не подтверждена
Юрина К.А.,,Юрина К.А.,h,,
Юрина К.Л.,,Юрина К.А.,l,,"единичное «К.Л.», биотехнология"
Янюк В.М.,,Янюк В.М.,h,,
